{
  "warps": {
    "fg": {
      "cost": -1,
      "world": "f115a101-f731-4d3c-9736-68d6f720240f",
      "rotx": 22.950061798095703,
      "rotz": 0.0,
      "roty": -76.54147338867188,
      "x": -424.6772802565726,
      "y": 70.0,
      "z": -295.9228977257069
    },
    "bermuda": {
      "cost": -1,
      "world": "f115a101-f731-4d3c-9736-68d6f720240f",
      "rotx": 34.05009460449219,
      "rotz": 0.0,
      "roty": -276.1944274902344,
      "x": -427.81919136829856,
      "y": 64.0,
      "z": 2950.9645705853386
    }
  },
  "jails": {}
}
